Image ID;Image url;color;color group;shape;length;nail art ;nail art level;nail art style;topic effect ;season
1;https://i.pinimg.com/564x/aa/f6/30/aaf630447ee72e34497a5e4a13da6a56.jpg;emerald green, silver;dark;square;short;yes;simple;stripes, full covered, chrome;shine;winter
2;https://i.pinimg.com/564x/e8/16/be/e816be0a9038c76091e8105e234ca89a.jpg ;emerald green;dark;square;short;yes;simple;small art, hearts, full covered ;shine;winter
3;https://i.pinimg.com/564x/ff/b1/97/ffb19745ff6aa3f7f85b2288f1fc79db.jpg ;emerald green, gold;dark;square;short;yes;simple;stripes, full covered ;shine, glitters;winter
4;https://i.pinimg.com/564x/06/17/ca/0617caf57625c7aa974ef44e24878e55.jpg ;emerald green;dark;square;short;yes;simple;stripes, full covered ;shine;winter
5;https://i.pinimg.com/564x/89/43/42/8943426ccf5b88820b29fc8d7d03ce0c.jpg ;green;normal;square;short;yes;simple;french tips;glitters;summer
6;https://i.pinimg.com/564x/d0/1e/50/d01e50b48bd6a6ef3b82bcc8dcf081c9.jpg ;green;normal;square;short;yes;simple;french tips;shine;summer
7;https://i.pinimg.com/564x/94/3b/1f/943b1fe15e14587deea8fc66b0aba852.jpg ;green;normal;square;short;yes;simple;french tips, full covered;shine;summer
8;https://i.pinimg.com/564x/5b/78/14/5b781463f49c647495cffda9dcf8ae6f.jpg ;light green;light;square;short;yes;simple;french tips, full covered;shine;winter
9;https://i.pinimg.com/564x/2c/67/50/2c675090156a8e4c3db923fabe08d711.jpg ;green;normal;square;short;yes;simple;reversed tip, full covered;shine;summer
10;https://i.pinimg.com/564x/58/a4/48/58a44850fe7e9e2d7d01fdc03a973596.jpg ;green;normal;square;short;yes;simple;french tips, full covered;shine;summer
11;https://i.pinimg.com/564x/2c/a5/1b/2ca51ba9fa941e32660fe89f9ce2e89b.jpg ;green, white;normal;round;middle long;yes;medium;swirl, full covered;shine;summer
12;https://i.pinimg.com/564x/c8/6a/8b/c86a8b22896bb37a145cd09a52d202c6.jpg ;emerald green;dark;round;middle long;yes;simple;flowers, full covered, small art;shine;winter
13;https://i.pinimg.com/564x/30/8d/9a/308d9a2e7a728cbb5510a2e7542e1068.jpg ;emerald green;dark;square;middle long;yes;simple;full covered, small art, flowers;matte;winter
14;https://i.pinimg.com/564x/f5/67/76/f567764704c8eb278697747aeb65abf2.jpg ;emerald green, gold;dark;round;middle long;yes;simple;full covered, small art, flowers;shine;winter
15;https://i.pinimg.com/564x/b1/83/ce/b183cec485130da86fcbf0b5f77d19ba.jpg ;green;normal;coffin;long;yes;medium;full covered, glitters;shine, glitters;summer
16;https://i.pinimg.com/564x/43/a4/f1/43a4f10970ad2786e6f329834d222c4f.jpg ;emerald green;dark;round;long;yes;simple;french tips, glitters;shine, glitters;winter
17;https://i.pinimg.com/564x/11/8f/c3/118fc3d4aff96d99ebdfdab7eb3d6e29.jpg ;green;normal;round;middle long;yes;simple;french tips;shine;summer
18;https://i.pinimg.com/564x/03/a1/fc/03a1fc0dfa34536e576452abf201cffe.jpg ;green;normal;round;middle long;yes;medium;french tips, medium art;shine;summer
19;https://i.pinimg.com/564x/fe/a5/45/fea54540aaf488022f4d6414d5d63229.jpg ;green;normal;coffin;long;yes;complex;french tips, full covered, marble;shine;summer
20;https://i.pinimg.com/564x/92/ea/4c/92ea4cc2400e60925e87de710740858f.jpg ;light green;light;round;middle long;yes;simple;ombre, stripes;shine;spring 
21;https://i.pinimg.com/564x/66/fc/27/66fc274c3060599b618f6e8ef8929eb3.jpg ;gold;normal;almond;middle long;yes;medium;glitters, ombre;shine;autumn
22;https://i.pinimg.com/564x/12/cf/fc/12cffccc5db37366556c5c40447c8d00.jpg ;orange, yellow ;normal;round;middle long;yes;simple;flowers, french tips, ombre;shine;spring 
23;https://i.pinimg.com/750x/a2/4d/d4/a24dd465ddf4e3c256a3805b6c1e0993.jpg ;orange ;normal;round;middle long;yes;simple;french tips, checkerboard;shine;autumn 
24;https://i.pinimg.com/750x/ee/3b/9a/ee3b9a5ac5655856945bc19b29340735.jpg ;light orange ;light;round;middle long;yes;simple;french tips, full covered;shine;spring 
25;https://i.pinimg.com/564x/d8/8a/85/d88a85704ca4f98515def08a4f5250b0.jpg ;orange ;bright;round;short;no;none;none;shine;autumn 
26;https://i.pinimg.com/564x/b8/9d/8b/b89d8b9b933761664d7c5aecec1743ae.jpg ;orange ;normal;almond;middle long;yes;simple;patterns, orange, fruit;shine;spring
27;https://i.pinimg.com/564x/90/c3/fa/90c3fabd11ab681096344843f64572b4.jpg ;orange ;normal;almond;middle long;yes;simple;abstract, flowers;shine;autumn 
28;https://i.pinimg.com/564x/62/b9/87/62b987c07fee03d957167bd63abbba06.jpg ;light orange, pink ;light;round;short;yes;simple;stripes ;shine;spring 
29;https://i.pinimg.com/564x/ca/fe/7e/cafe7e3c9bd2bda8ca4da686448db175.jpg ;orange, gold;normal;almond;middle long;yes;simple;french tips, full covered, metallic;shine;autumn 
30;https://i.pinimg.com/564x/12/48/df/1248dff48b01f1bf959b70cd01484ca2.jpg ;orange, nude;nude;squoval;short;yes;simple;checkerboard, stripes, full covered;shine;autumn 
31;https://i.pinimg.com/564x/b9/db/60/b9db60986460a5cccac965a5aceee6ed.jpg ;pink, purple;normal;square;middle long;yes;medium;full covered, reversed, glitters, ombre, hearts;matte;summer
32;https://i.pinimg.com/564x/a9/a9/25/a9a9258726688c4cf2fa7fee3f7a9aab.jpg ;orange ;normal;almond;long;yes;simple;french tips, small art, flowers ;shine;autumn 
33;https://i.pinimg.com/564x/08/eb/50/08eb509a6bd9e366b7397c28c280e87f.jpg ;orange, red, yellow;normal;almond;middle long;yes;complex;swirl, medium art, flowers;shine;summer, spring
34;https://i.pinimg.com/564x/f8/9e/7f/f89e7f108ea1d45fc6cd89c965ea773b.jpg ;orange ;normal;almond;long;yes;simple;swirl;shine;autumn 
35;https://i.pinimg.com/564x/8c/43/cb/8c43cb31b642ab16d36ebb4c88addc78.jpg ;orange ;normal;almond;long;yes;complex;french tips, glitters, stones, animal print, leopard;shine;autumn 
36;https://i.pinimg.com/564x/cd/8f/dd/cd8fdd96b1b38f04437fa960af77c092.jpg ;orange ;normal;square;long;yes;simple;full covered, french tips, glitters;shine, glitters;autumn 
37;https://i.pinimg.com/564x/33/3c/a0/333ca048f6d6ea96772ff6da89bfa5a4.jpg ;light orange ;light;almond;middle long;yes;simple;ombre;shine;spring 
38;https://i.pinimg.com/564x/bd/83/87/bd838761ca78df2f15fb10f16794660b.jpg ;orange ;normal;almond;long;yes;complex;french tips, glitters, animal print, leopard;shine, glitters;autumn 
39;https://i.pinimg.com/564x/be/7e/25/be7e25363c6a1955b09188f5ebc02d91.jpg ;orange ;normal;almond;middle long;yes;simple;full covered, golden flakes;shine;autumn 
40;https://i.pinimg.com/474x/f0/20/98/f02098331b46477fdb3febce997a781c.jpg ;blue;bright;square;short;yes;simple;full covered, hearts ;shine;winter
41;https://i.pinimg.com/564x/34/82/74/348274c943be1d0cf40ccacaa9019d21.jpg ;purple;normal;coffin;long;yes;simple;hearts;matte;winter
42;https://i.pinimg.com/564x/87/4a/f4/874af4836230af191d4ad6cd53eee701.jpg ;purple;normal;coffin;long;yes;simple;patterns, full covered, flowers;shine;winter
43;https://i.pinimg.com/564x/c7/27/56/c72756c5cda643bd72acfa594b2fcdc9.jpg ;purple;normal;coffin;long;yes;simple;swirl;shine;winter
44;https://i.pinimg.com/564x/67/f7/59/67f75933b644d86fa65240d15695ae6a.jpg ;purple;light;coffin;long;yes;simple;full covered, french tips, gold flakes;shine;winter
45;https://i.pinimg.com/564x/d3/2d/97/d32d97894d4fa3fda0968a8730e88f41.jpg ;purple, white;pastel;coffin;long;yes;simple;french tips, flowers, small art, full covered;shine;winter
46;https://i.pinimg.com/564x/19/be/2c/19be2c9a5abdc33eff6747366b772179.jpg ;purple;normal;coffin;long;no;none;none;shine;winter
47;https://i.pinimg.com/564x/fa/07/d2/fa07d21de44a6b2fbd8fc62cc4eccefc.jpg ;purple;normal;coffin;long;yes;complex;full covered, marble, stars, stickers;shine;summer
48;https://i.pinimg.com/564x/ea/f8/66/eaf866d668211192afea3c67daacfa7c.jpg ;purple;normal;coffin;long;yes;simple;full covered, marble;shine, glitters;winter
49;https://i.pinimg.com/564x/2f/db/79/2fdb79c75944753af20e392e449222a2.jpg ;purple;normal;coffin;middle long;yes;medium;stickers, butterfly, full covered;shine;winter
50;https://i.pinimg.com/564x/3f/a9/e3/3fa9e390f7a96dab018e6f08c376787d.jpg ;purple;light;coffin;middle long;yes;complex;french tips, ombre, stones, glitters;shine, matte, glitters;winter
51;https://i.pinimg.com/564x/e2/51/0a/e2510a8f4608fcd6dfa47251932acbb0.jpg ;purple;normal;round;middle long;yes;simple;small art, dots, full covered;shine;summer
52;https://i.pinimg.com/564x/68/84/30/688430b7c17e9e42bb861aaa4f316579.jpg ;purple, white;normal;round;middle long;yes;medium;flowers, patterns, full covered;shine;winter
53;https://i.pinimg.com/564x/ce/34/85/ce34854e45761b513ea1c614cd9bed1e.jpg ;purple, orange;normal;square;short;yes;medium;french tips, medium art, flowers, dots;shine;spring 
54;https://i.pinimg.com/564x/c7/55/9d/c7559db9aafd334fd62f5a707ad025e4.jpg ;purple, white;normal;coffin;long;yes;simple;swirl;shine;winter
55;https://i.pinimg.com/564x/67/2f/72/672f723f93939c9519c1c0b3d322fdef.jpg ;purple, blue;mix;round;short;yes;complex;full covered, stripes, flowers, dots, small art;shine;winter
56;https://i.pinimg.com/564x/c7/55/9d/c7559db9aafd334fd62f5a707ad025e4.jpg ;purple, white;light;round;short;yes;simple;full covered, swirl, stripes;shine;winter
57;https://i.pinimg.com/564x/26/73/2e/26732e66bf1561143408cbd2f5e135c5.jpg ;purple;light;coffin;long;yes;complex;french tips, marble, full covered;shine, glitters;winter
58;https://i.pinimg.com/564x/d7/0b/9f/d70b9f722694bbc2748d39db2401b218.jpg ;purple;pastel;round;middle long;yes;medium;full covered, butterfly, small art, animal;shine;winter
59;https://i.pinimg.com/564x/ad/0a/f4/ad0af4a905123cb17022dd81d8627c7a.jpg ;purple, white;normal;square;middle long;yes;simple;full covered, flowers;shine;summer
60;https://i.pinimg.com/564x/6a/7c/7a/6a7c7ada11b68e331d880ee569bbac4d.jpg ;purple, white;normal;round;middle long;yes;medium;glitters, full covered;shine, glitters;winter
61;https://i.pinimg.com/564x/42/f5/fe/42f5feab71d48f5d84cb5956231c75ae.jpg ;blue;pastel;round;short;yes;simple;full covered, glitters;shine, glitters;winter
62;https://i.pinimg.com/564x/8d/ff/47/8dff47346f7c6eea72347b93880f6703.jpg ;blue, white;pastel;round;middle long;yes;medium;swirl, flowers, full covered;shine;winter
63;https://i.pinimg.com/736x/1e/07/41/1e0741476edac3b2e7991236af889546.jpg ;blue;pastel;round;middle long;yes;complex;ombre, stones;shine;winter
64;https://i.pinimg.com/236x/0d/71/ec/0d71ec514f80c3515887e94b2100d267.jpg ;blue, silver;dark;round;middle long;yes;simple;swirl, french tips, full covered;shine;summer
65;https://i.pinimg.com/564x/4c/8a/4f/4c8a4f68adf8d35daf2683d35d4d8d92.jpg ;blue;light;round;long;yes;complex;french tips, stones, medium art;shine;winter
66;https://i.pinimg.com/564x/1f/28/db/1f28db98577a18978c0bbd43f5854419.jpg ;blue;mix;round;long;yes;simple;french tips;shine;winter
67;https://i.pinimg.com/236x/9f/aa/a5/9faaa5a1f3518ef593968238d79e7bd0.jpg ;dark blue;dark;round;middle long;yes;simple;stripes, full covered;matte;winter
68;https://i.pinimg.com/236x/3d/c3/7e/3dc37efec6b5ee212c0c8a151bacc086.jpg ;blue;normal;round;middle long;yes;medium;ombre, small art, clouds;shine;winter
69;https://i.pinimg.com/736x/c4/ab/37/c4ab37dc180bad708de7bbee3a11d780.jpg ;light blue;light;round;long;yes;complex;swirl, stones;shine;winter
70;https://i.pinimg.com/236x/40/b3/46/40b34621bac704846035dfe32c83e933.jpg ;blue;pastel;round;short;yes;simple;full covered, glitters;shimmer;winter
71;https://i.pinimg.com/236x/a8/13/f1/a813f1a28efcf8d86a1d0dcc78b1c59c.jpg ;blue, white;normal;square;middle long;yes;simple;french tips, big art, butterfly, animals;shine;winter
72;https://i.pinimg.com/236x/ff/c9/93/ffc9938829973df4bbaab6848548eb33.jpg ;blue;pastel;round;short;yes;simple;full covered, swirl, flowers;shine;winter
73;https://i.pinimg.com/236x/2f/17/e7/2f17e70f975da6ee3ac5cd3f7d8a166c.jpg ;blue;pastel;round;middle long;yes;simple;full covered, flowers, patterns;shine;summer
74;https://i.pinimg.com/236x/07/04/d8/0704d8f39a319a738fb0bf6131e0c379.jpg ;blue;mix;round;middle long;yes;simple;french tips, swirl;shine;winter
75;https://i.pinimg.com/236x/a9/2a/b2/a92ab2183dc3b6ee80d7d30e7e1aeef5.jpg ;blue;light;square;long;yes;medium;french tips, golden flakes;shine;winter
76;https://i.pinimg.com/236x/22/f2/f7/22f2f77dd99de39958be89edd0795819.jpg ;light blue;light;round;middle long;yes;simple;full covered, small art, flowers;shine;winter
77;https://i.pinimg.com/236x/28/6d/71/286d711f7afc2bdd7fcb0da9ae56c6e8.jpg ;blue, white;pastel;square;short;yes;medium;full covered, medium art, clouds;shine;winter
78;https://i.pinimg.com/236x/7b/ff/de/7bffde2b6bac9bfd07bcb0fafa88743c.jpg ;light blue;light;square;middle long;yes;medium;full covered, medium art, flowers;shine;winter
79;https://i.pinimg.com/236x/0f/f2/5c/0ff25c803e4fcf9cb386c06f3078d75e.jpg ;blue, nude;light;square;middle long;yes;medium;stripes, glitters, small art, hearts, dots;shine, glitters;winter
80;https://i.pinimg.com/236x/98/9c/ed/989ced486a3e588a251b7ac9e36d621a.jpg ;blue;normal;coffin;long;yes;simple;small art, hearts;shine;summer
81;https://i.pinimg.com/474x/20/26/4a/20264ae72f248453a8e9b1db561bc33c.jpg ;yellow, white;pastel;square;long;yes;medium;french tips, flowers;shine;spring 
82;https://i.pinimg.com/236x/37/60/7c/37607c5c80910ec91a561d921bbdccc0.jpg ;yellow, white;pastel;coffin;long;yes;simple;patterns, flowers, full covered;shine;spring 
83;https://i.pinimg.com/236x/58/8d/7d/588d7d53831befb5933135a9273fc66b.jpg ;yellow;normal;square;middle long;yes;simple;french tips, full covered;shine;spring 
84;https://i.pinimg.com/236x/70/5f/06/705f062f679f2bcb1ba44ff9fb962e43.jpg ;yellow;light;square;short;yes;medium;swirl;shine;spring 
85;https://i.pinimg.com/236x/fe/c8/b0/fec8b0c2ffbaa0022bc49040521714f8.jpg ;yellow;normal;square;middle long;no;none;none;shine;spring 
86;https://i.pinimg.com/236x/f5/65/c0/f565c01f22221f5a73fe7ddd52705097.jpg ;yellow;normal;square;short;yes;simple;medium art, flowers;shine;spring 
87;https://i.pinimg.com/236x/54/7d/5c/547d5c4e873915d9eb46c6acbfaea107.jpg ;yellow;light;square;middle long;yes;complex;medium art, flowers, full covered;shine;spring 
88;https://i.pinimg.com/236x/60/13/75/6013759338d3a0c62b355f185b94caa4.jpg ;yellow;pastel;square;long;yes;medium;french tips, patterns, flowers;shine;spring 
89;https://i.pinimg.com/236x/58/8d/7d/588d7d53831befb5933135a9273fc66b.jpg ;yellow;pastel;square;middle long;yes;simple;small art;shine;spring 
90;https://i.pinimg.com/236x/b2/ea/bf/b2eabf749ab7e08b209d3aaecac19d87.jpg ;yellow;normal;square;short;yes;simple;small art, flowers;shine;spring 
91;https://i.pinimg.com/236x/fd/3b/78/fd3b78bdb367278f4856c9153f782559.jpg ;yellow;normal;round;middle long;yes;simple;stripes;shine;spring 
92;https://i.pinimg.com/236x/29/71/2c/29712c8a39e4e84f0a301b969819b85f.jpg ;yellow;light;coffin;long;yes;simple;full covered, flowers;shine;spring 
93;https://i.pinimg.com/236x/58/8d/7d/588d7d53831befb5933135a9273fc66b.jpg ;yellow;neon;square;short;yes;simple;full covered, flowers;shine;spring 
94;https://i.pinimg.com/236x/4f/30/e0/4f30e01402714f473c2856587d784fdb.jpg ;yellow;pastel;coffin;long;yes;simple;full covered, stripes ;matte;spring 
95;https://i.pinimg.com/236x/9f/a8/5e/9fa85e053a5a19bfec7e2ed19bad07ea.jpg ;yellow;normal;round;long;yes;complex;french tips, flowers, small art, stripes;shine;spring 
96;https://i.pinimg.com/736x/85/15/40/851540920288df8606cea252c870aaf3.jpg ;yellow;light;round;middle long;yes;simple;swirl;shine;spring 
97;https://i.pinimg.com/236x/56/8b/02/568b02008f686136d9f078ac02f1c60e.jpg ;yellow;normal;round;long;yes;medium;french tips, stones, flowers, full covered;matte;spring 
98;https://i.pinimg.com/236x/78/80/ad/7880ad29b0cae40a76b65f5f3c3bd8ee.jpg ;yellow, white;neon;square;short;yes;simple;hearts, small art;shine;spring 
99;https://i.pinimg.com/236x/72/03/85/720385c7befc0d13c38aa7814b8e1849.jpg ;yellow;normal;coffin;long;yes;medium;medium art, flowers;shine;spring 
100;https://i.pinimg.com/236x/5a/c6/0e/5ac60e77f9085f8b4760d0a25869c6c8.jpg ;yellow, purple;pastel;square;middle long;yes;simple;full covered, french tips, stripes;shine;spring 
101;https://i.pinimg.com/236x/91/30/84/9130844798d8dab49217f54e1f20718e.jpg ;red ;dark;square;long;yes;simple;french tips, swirl, full covered;shine;winter
102;https://i.pinimg.com/236x/ce/0b/2f/ce0b2f9cbf501d904ca0858c534d7ce4.jpg ;red ;dark;round;middle long;yes;simple;small art, hearts;shine;winter
103;https://i.pinimg.com/736x/6e/af/f7/6eaff7a60bc55c6035d274f3ad609bcc.jpg ;red, white, pink;normal;round;middle long;yes;medium;swirl;matte;winter
104;https://i.pinimg.com/236x/b5/52/d1/b552d12cbb2acb60f1831219febdd1f9.jpg ;red, white;dark;round;long;yes;medium;flowers, dots;shine;winter
105;https://i.pinimg.com/236x/56/a5/41/56a5414d2aaf264ba8f5c1f961ebbc54.jpg  ;red ;dark;square;long;yes;simple;french tips, full covered;shine;winter
106;https://i.pinimg.com/236x/b5/52/d1/b552d12cbb2acb60f1831219febdd1f9.jpg ;red ;dark;round;long;yes;simple;small art, hearts, french tips, full covered;shine;winter
107;https://i.pinimg.com/236x/b5/52/d1/b552d12cbb2acb60f1831219febdd1f9.jpg ;red ;normal;round;middle long;no;none;none;shine;winter
108;https://i.pinimg.com/236x/d0/28/20/d02820719b1ef595aa9e636f25861ab1.jpg ;red ;normal;square;long;yes;simple;stickers, full covered, butterfly, animal;shine;winter
109;https://i.pinimg.com/236x/00/2e/f7/002ef7075e52fbaafe8a6b137203d764.jpg ;red ;normal;round;short;yes;simple;french tips, stripes;shine;winter
110;https://i.pinimg.com/236x/1a/23/34/1a2334b34035abc0c2fdcad8cadcc3f6.jpg ;red, pink;normal;round;middle long;yes;simple;small art, hearts;shine;winter
111;https://i.pinimg.com/236x/c9/9a/f8/c99af851468cad4880b51b64e1e01342.jpg ;red, white;dark;square;short;yes;simple;hearts, full covered;shine;winter
112;https://i.pinimg.com/236x/e8/a8/b8/e8a8b8a8b2863adf2712335479121205.jpg ;dark red ;dark;coffin;long;yes;medium;stones, full covered;shine;winter
113;https://i.pinimg.com/236x/18/dd/42/18dd42fc45e329e25dc1acce1f8e5293.jpg ;red, white;normal;round;long;yes;medium;french tips, glitters;shine, glitters;winter
114;https://i.pinimg.com/236x/2c/29/1d/2c291d9fbdc2c1337e48fb2f248d51e8.jpg ;red, white;dark;square;middle long;yes;medium;french tips, full covered;shine;winter
115;https://i.pinimg.com/236x/1c/af/c8/1cafc8dd5cac55bccb015e00062563fe.jpg ;dark red ;dark;square;short;yes;simple;swirl, full covered;shine;winter
116;https://i.pinimg.com/236x/1c/af/c8/1cafc8dd5cac55bccb015e00062563fe.jpg ;red, white;dark;round;middle long;yes;simple;stripes;shine;winter
117;https://i.pinimg.com/236x/82/9c/78/829c7866f2d8959dbde61177b53f8485.jpg ;red, gold;normal;square;long;yes;complex;french tips, glitters, patterns, dots, micky mouse, cartoon;shine;winter
118;https://i.pinimg.com/236x/f0/4b/84/f04b84c3d656b78500c32223d9778765.jpg ;dark red ;dark;round;long;yes;simple;french tips;shine;winter
119;https://i.pinimg.com/236x/10/8d/cf/108dcfc202304372aa4d6834b36f7328.jpg ;dark red ;dark;round;long;yes;medium;french tips, golden flakes, full covered;shine, glitters;winter
120;https://i.pinimg.com/236x/79/d1/6a/79d16a14ba1656645231a2867ae9a694.jpg ;red ;normal;square;long;yes;complex;big art, french tips, butterfly, animal;shine;winter
121;https://i.pinimg.com/564x/b5/2c/a5/b52ca5494797b6bf2911a03ec7d522fd.jpg ;rainbow;pastel;almond;middle long;yes;simple;french tips, flowers;shine;spring 
122;https://i.pinimg.com/474x/02/8c/54/028c5470117e3ee62c684e5ecb0bdd8d.jpg  ;gold;normal;almond;middle long;yes;medium;french tips, chrome, eyes, stars, spiritual;shine;autumn 
123;https://i.pinimg.com/474x/46/dd/ee/46ddee8d50c653cfc21c863e73811874.jpg  ;purple;pastel;almond;short;yes;medium;butterfly, full covered, animal;matte;winter
124;https://i.pinimg.com/474x/db/a0/a0/dba0a086b72df50dd76b56cfbeed9ac1.jpg  ;purple;pastel;almond;middle long;yes;simple;french tips, chrome, stars;shine;spring, summer, winter
125;https://i.pinimg.com/474x/80/92/6d/80926d12532b13a9d62a52cdbae84e9a.jpg  ;green;normal;almond;middle long;yes;simple;french tips, flowers;shine;summer, spring
126;https://i.pinimg.com/474x/ad/b8/8f/adb88fc4ab461dc2ae526dbf659892b3.jpg ;white;normal;almond;short;yes;simple;french tips, dots, hearts;shine;all
127;https://i.pinimg.com/474x/5a/bf/1e/5abf1ed9f8d2b18a3b4c12708a402fc0.jpg ;rainbow;light;almond;middle long;yes;medium;swirl, retro;shine;summer, spring
128;https://i.pinimg.com/474x/0a/0a/68/0a0a68d1df718387364550303ee0018c.jpg ;white;normal;almond;middle long;yes;simple;french tips, flowers;shine;all
129;https://i.pinimg.com/474x/c7/41/fe/c741fe89bdc72a67c1864409dd9a9ec7.jpg ;red;bright;almond;middle long;yes;simple;flowers, full covered;shine;summer, winter, autumn
130;https://i.pinimg.com/474x/48/ea/43/48ea4386719b2e0092c8be9561ccd749.jpg ;rainbow;pastel;round;short;yes;medium;swirl;shine;spring, summer
131;https://i.pinimg.com/474x/03/8a/a1/038aa16a5ffadd8269d7f610cced9a47.jpg ;pink;light, dark, mix;square;middle long;yes;simple;french tips, hearts;shine;winter, spring, summer
132;https://i.pinimg.com/474x/21/7b/55/217b55381bc462c05d847efa3bd2704e.jpg ;black;dark;almond;middle long;yes;simple;french tips, stars, dots;shine;winter
133;https://i.pinimg.com/736x/e9/18/b8/e918b84312c92b4092fcff0d556266dd.jpg ;yellow;light, bright, mix;stiletto;middle long;yes;simple;french tips, flowers, stones;shine;spring
134;https://i.pinimg.com/474x/98/53/bd/9853bd4c78eab16bdb6e91324c2408d0.jpg ;blue;normal;almond;middle long;yes;medium;french tips, flowers;shine;summer, spring
135;https://i.pinimg.com/564x/85/9d/d1/859dd10f6376a57c25620f8e70dedbf0.jpg ;pink, white;light;almond;short;yes;simple;marble, full covered, glitters;shine;winter, spring, summer
136;https://i.pinimg.com/474x/94/e8/63/94e863a1662106f09f2c9aa3aeee6283.jpg ;white;normal;almond;middle long;yes;simple;hearts, french tips, dots;shine;all
137;https://i.pinimg.com/474x/df/47/bd/df47bd2031147b91c0c9cbcf69150005.jpg ;purple, orange;normal;almond;middle long;yes;simple;french tips, flowers, dots;shine;autumn, summer
138;https://i.pinimg.com/474x/4e/c8/2b/4ec82b546bec64757a3df48f2ea4c96a.jpg ;red;normal;round;middle long;yes;medium;french tips, cherries, fruit;shine;winter, summer
139;https://i.pinimg.com/474x/10/65/3f/10653fd218096959f508ccdc863d4e9c.jpg ;blue;normal;almond;short;yes;simple;french tips, butterfly, animal;shine;winter, spring
140;https://i.pinimg.com/474x/5c/2a/9e/5c2a9e38de9e7fe90851ada23a6c8fe8.jpg ;pink;normal;round;middle long;yes;simple;animal print, zebra, full covered;matte, shine;winter, spring, summer
141;https://i.pinimg.com/474x/a0/24/32/a024324816838c68b249a02fdd1ad6fd.jpg ;green;light;stiletto;middle long;yes;simple;marble, full covered, glitters;shine;winter, spring
142;https://i.pinimg.com/474x/7d/dd/43/7ddd437e652d7e4c864e74add16d063b.jpg ;gray, black;dark, light, mix;coffin;middle long;yes;simple;flowers, stripes, french tips, full covered;matte;winter
143;https://i.pinimg.com/474x/fe/8f/e9/fe8fe9aa3fa4aafac8d5f2aab26cdd25.jpg ;pink;bright;almond;short;yes;medium;swirl, full covered, glitters;shine;summer
144;https://i.pinimg.com/474x/fb/4e/f2/fb4ef2d77f4a34f060456f09251db474.jpg ;nude, brown;nude;coffin;middle long;yes;medium;french tips, swirl, glitters;shine;autumn
145;https://i.pinimg.com/474x/a6/3a/95/a63a959685ad7c22cacf07f1ded7d75c.jpg ;pink, blue;light;coffin;long;yes;medium;french tips, geometric;shine;winter
146;https://i.pinimg.com/474x/7b/f9/49/7bf949ed0438355644900293b4790a83.jpg ;green;light;square;middle long;yes;simple;french tips, flowers;shine;spring
147;https://i.pinimg.com/474x/5e/d4/2a/5ed42aebf961407eb6870dfc7fd67c39.jpg ;orange, black;neon;stiletto;long;yes;simple;full covered, stripes, dots;shine;summer
148;https://i.pinimg.com/474x/06/2a/34/062a342850bbb418ddf6b58ee18296ff.jpg ;red, white;light, dark, mix;almond;middle long;yes;simple;full covered, flowers;matte;autumn
149;https://i.pinimg.com/474x/63/3f/55/633f55f6c8822ee766ed12ee9844d35f.jpg ;green;light;square;middle long;yes;complex;stars, smileys, flames, hearts, ying yang;shine;spring, autumn
150;https://i.pinimg.com/474x/54/b8/71/54b871d468ed4f68ebd3ab63fd37b05d.jpg ;red, white;normal;square;short;yes;simple;french tips, hearts, stars, dots;shine;summer, winter
151;https://i.pinimg.com/474x/0a/54/96/0a54966824b25ac7245dfd9127d16a86.jpg ;pink;normal;square;short;yes;medium;french tips, hearts, dots;shine;summer, winter
152;https://i.pinimg.com/474x/e7/9c/91/e79c9104ce7c5f58848461734deb8055.jpg ;blue, white;bright;almond;long;yes;medium;animal print, leopard, hearts, stripes, glitters;shine, glitters;summer, spring
153;https://i.pinimg.com/474x/a1/99/f0/a199f00321808c4a9a938ebc46ef33eb.jpg ;pink, blue;light;almond;middle long;yes;simple;chrome;shine;summer, winter
154;https://i.pinimg.com/474x/25/73/d4/2573d40900b47d6e048e3b9d452695b1.jpg ;blue;normal;squoval;short;yes;medium;swirl, chrome;shine;summer, autumn
155;https://i.pinimg.com/474x/3e/dc/d9/3edcd9ef4a111882357b026e63f148c0.jpg ;pink;light;almond;long;yes;complex;swirl, clouds, french tips, stars;shine;winter, summer, spring
156;https://i.pinimg.com/474x/b5/14/af/b514afb094e503b1f571c918dfb099c2.jpg ;blue, pink, purple, rainbow;pastel;squoval;middle long;yes;simple;bunny, dots, full covered, animal;matte;spring, summer
157;https://i.pinimg.com/474x/b1/71/ed/b171edba4474c88609b9073e08ff3196.jpg  ;rainbow, pink, yellow, purple;pastel;almond;middle long;yes;medium;french tips, easter eggs, chicken, animal;shine;spring
158;https://i.pinimg.com/474x/04/3b/f8/043bf899254ca6aedcf83c807c871e8a.jpg ;white;normal;square;long;yes;simple;french tips, glitters, stripes;shine;all
159;https://i.pinimg.com/474x/99/22/54/9922546a13f295aead91b64521989842.jpg ;pink;normal;square;middle long;yes;simple;swirl, full covered, french tips;shine;summer, winter
160;https://i.pinimg.com/474x/e7/11/a1/e711a15a40e55e4693b092eb30bef87d.jpg ;green;dark;coffin;middle long;yes;simple;full covered, flowers;matte;autumn
161;https://i.pinimg.com/474x/a9/c3/de/a9c3de92718798ad83dad674c975613c.jpg ;pink;dark;square;long;yes;simple;full covered, flowers;matte;summer, winter
162;https://i.pinimg.com/474x/e3/9d/0a/e39d0a9b6ac4df08ed6c806efcdce194.jpg ;blue, green;normal;stiletto;middle long;yes;medium;full covered, flowers;shine;summer, spring, autumn
163;https://i.pinimg.com/474x/d0/be/e2/d0bee2d2980d478c64b3522040eedd37.jpg ;gray;light;almond;long;yes;simple;swirl, flowers, full covered;matte;winter
164;https://i.pinimg.com/474x/54/82/8e/54828eebab0255fdcefbc7d37929e019.jpg ;white;normal;stiletto;long;yes;medium;full covered, hearts, stones, stripes, geometric;matte;all
165;https://i.pinimg.com/474x/60/f7/07/60f707e8bd4e1669372fe4abdece58b1.jpg ;pink;light, dark, mix;square;short;yes;simple;french tips, flowers;shine;winter, spring, summer
166;https://i.pinimg.com/474x/42/57/81/425781173f4f10f0fef2c59abf3dcf30.jpg ;white;normal;almond;middle long;yes;medium;flowers;matte;all
167;https://i.pinimg.com/474x/78/82/3c/78823c6631f8fc571290cbc48d34b7e4.jpg ;gray, gold;light;stiletto;middle long;yes;simple;full covered, chrome, swirl;shine;winter
168;https://i.pinimg.com/474x/1a/8d/c9/1a8dc9b303e8ccc4dbfdf2c6e60b902f.jpg ;green, gold;dark;stiletto;middle long;yes;medium;ombre, chrome, flowers, stones;matte;winter
169;https://i.pinimg.com/474x/58/b6/45/58b6454f990da05f7ad1a92dd4c6ff5e.jpg ;rainbow;light;almond;middle long;yes;simple;clouds, rainbow;shine;summer, spring
170;https://i.pinimg.com/474x/fc/06/4a/fc064a1aa436c25a24d5d3aee6efce54.jpg ;pink;light;coffin;middle long;yes;simple;swirl, full covered, glitters;shine;summer, spring
171;https://i.pinimg.com/474x/37/c9/5b/37c95bc40a39372b49e0c755568a8210.jpg ;red, silver;dark;almond;middle long;yes;simple;full covered, flowers, glitters;matte;winter, autumn
172;https://i.pinimg.com/474x/a3/3d/4b/a33d4b3366d5842de277457f6e916433.jpg ;rainbow, purple, blue, yellow, green, pink;pastel;almond;middle long;yes;simple;french tips;shine;spring, summer
173;https://i.pinimg.com/474x/3d/5e/c8/3d5ec83df61dc15353adbe8361ffcb1f.jpg ;pink, yellow, white;bright;almond;long;yes;medium;dots, bunny, ears, full covered, animal;shine, matte;spring
174;https://i.pinimg.com/474x/8c/90/d7/8c90d74072558aae4443ae64b4f678e3.jpg ;blue, orange;bright;squoval;middle long;yes;simple;full covered, flowers;shine;winter, summer
175;https://i.pinimg.com/474x/94/62/fb/9462fb45cb2805266aea7fa9cc8bf692.jpg ;orange, pink;bright;square;short;yes;simple;full covered, swirl ;shine;spring, summer
176;https://i.pinimg.com/474x/af/0e/25/af0e25d5c6934841eedd2a847b798dd3.jpg ;pink;pastel;square;middle long;yes;simple;french tips, hearts;shine;spring, summer, winter
177;https://i.pinimg.com/474x/fb/b9/d1/fbb9d1666148df939b7e2e91b3493eb1.jpg ;blue;dark;square;middle long;yes;complex;full covered, vincent van gogh, painting, starry night, art;shine;winter
178;https://i.pinimg.com/474x/84/49/3d/84493d4b13527f6810839dd7dc81a517.jpg ;green, gold;dark;round;short;yes;medium;full covered, brush strokes, glitters;shine, matte;autumn
179;https://i.pinimg.com/474x/e3/7b/20/e37b20d19241d14c2b12499b16d4604a.jpg ;yellow, green, pink;pastel;coffin;middle long;yes;simple;flowers, bunny, glitters, animal;shine;spring
180;https://i.pinimg.com/474x/65/15/61/651561a60ba56469efeb29644a2277b5.jpg ;orange, white;neon;square;short;yes;simple;full covered, geometric;matte;summer
181;https://i.pinimg.com/474x/fa/4d/57/fa4d5791e188166bab16bfd95a9bd5e4.jpg ;orange, pink;normal;almond;middle long;yes;complex;french tips, stars, checkerboard, hearts, smileys, swirl, flowers, chilli, strawberry, fruit, vegetable;shine;winter, summer
182;https://i.pinimg.com/474x/19/bd/95/19bd958ff9e9bc3407ced517695fa5d2.jpg ;blue, gold;dark;almond;middle long;yes;complex;french tips, moon, stars, eyes, spiritual;shine;winter
183;https://i.pinimg.com/474x/2b/c1/f2/2bc1f2f3738558d770c2eada9de60edf.jpg ;white, nude;light, nude;square;long;yes;simple;full covered, hearts;shine, matte;all, autumn
184;https://i.pinimg.com/474x/c3/08/0e/c3080eaab5a0311a3f362e3ba1efeb86.jpg ;blue, black;bright;stiletto;long;yes;medium;french tips, geometric;matte;winter, summer
185;https://i.pinimg.com/474x/e7/78/0f/e7780f95330b1c92e924cd2ea9df00fb.jpg ;blue;dark;coffin;long;yes;simple;french tips, swirl;matte;winter
186;https://i.pinimg.com/474x/9b/f2/85/9bf28589b86d184cd550b6da13cd60ca.jpg ;black;dark;coffin;long;yes;medium;french tips, stripes, geometric;shine;winter
187;https://i.pinimg.com/736x/9e/5c/d7/9e5cd7dcb45cf9774d609de0cfa58a27.jpg;black;dark;stiletto;long;yes;complex;butterfly, stones, full covered, animal;shine;winter
188;https://i.pinimg.com/474x/cd/bd/e6/cdbde6217b12ccb88662bea031196066.jpg ;pink, white;normal;squoval;short;yes;simple;full covered, stripes, geometric;shine;winter, summer
189;https://i.pinimg.com/474x/c2/00/76/c200765f90d1afb7daf94ec76d18a4a4.jpg ;pink;bright;round;short;yes;simple;full covered, swirl, hearts;shine;winter, summer
190;https://i.pinimg.com/474x/c7/08/e3/c708e3e48f53eca2085e4e4edd94efe0.jpg;black, gold;dark;almond;middle long;yes;medium;full covered, glitters, stripes, hearts;shine, matte;autumn, winter
191;https://i.pinimg.com/474x/f0/ca/80/f0ca80d4982f1a894ba36e506fb2ef94.jpg ;black, brown, nude;normal, nude;squoval;middle long;yes;complex;flowers, swirl;matte;autumn
192;https://i.pinimg.com/474x/2e/76/fa/2e76facefda079cb5d2a7573732678bb.jpg ;purple;pastel;coffin;long;yes;complex;butterfly, animal;matte;winter, spring
193;https://i.pinimg.com/474x/de/88/b6/de88b671d902b1d020c9afdf88d9bb13.jpg ;pink, blue, purple;bright;almond;middle long;yes;medium;ombre;matte;winter, summer
194;https://i.pinimg.com/474x/92/98/3d/92983ded15efc2544e039d75bbc5dcb2.jpg ;red;bright;stiletto;short;yes;medium;full covered, flowers, strawberry, fruit;shine;winter, summer
195;https://i.pinimg.com/474x/4c/b7/36/4cb73617b5eb45def11ab82b305706dc.jpg ;pink, white;light;square;short;yes;medium;full covered, flowers, detailled;shine;winter, summer, spring
196;https://i.pinimg.com/474x/ee/b5/19/eeb519058806af2c823e3f03125b8c4e.jpg ;white, gold, nude;light, nude;coffin;long;yes;medium;marble;shine;all
197;https://i.pinimg.com/474x/d7/0e/31/d70e31d22cadf5109e693166b268c3cc.jpg ;orange, blue;light;squoval;short;yes;simple;marble, full covered;shine;spring
198;https://i.pinimg.com/474x/76/57/56/7657563668c6478bb9775ccbca9081a1.jpg ;red;dark;squoval;short;yes;simple;full covered, flowers;shine;winter, autumn
199;https://i.pinimg.com/474x/e1/2d/83/e12d83459bc98bfb5afaa1eb51947604.jpg ;gray, white, nude;light, nude;coffin;middle long;yes;medium;stripes, ombre, full covered, swirl;shine, matte;autumn, winter
200;https://i.pinimg.com/474x/4c/cd/6a/4ccd6a184194754746b5c96ef2a5e530.jpg ;pink;dark;coffin;middle long;yes;medium;full covered, ombre, glitters;shine;winter, summer
201;https://i.pinimg.com/474x/31/49/83/3149836dabe34b328fb4cdbe2d2bdcee.jpg ;rainbow, orange, pink, red, yellow, blue;normal;round;short;yes;simple;hearts;matte;summer, spring
202;https://i.pinimg.com/474x/85/1e/6e/851e6e13634dac7d853404f2ad18bfec.jpg ;blue, green;neon;almond;middle long;yes;simple;ombre;shine;summer
203;https://i.pinimg.com/474x/fb/76/b2/fb76b2451e8d3c4e809612845c5f55be.jpg ;green;bright;square;short;yes;simple;full covered, swirl;shine;summer
204;https://i.pinimg.com/474x/5d/ed/65/5ded654302987919317170b3bf21e518.jpg ;pink, white ;light;squoval;short;yes;simple;full covered, flowers, detailled;shine;summer, spring, winter
205;https://i.pinimg.com/474x/f6/7e/ea/f67eea6c8759e26fceaaedd3828169f0.jpg ;blue, pink, green, rainbow ;pastel;square;short;yes;simple;full covered, ombre;shine;summer, spring
206;https://i.pinimg.com/474x/34/43/17/34431744a7dfc53a1fff711bae8fccac.jpg ;pink, white;light;round;short;yes;simple;full covered, marble, glitters;shine;summer, spring, winter
207;https://i.pinimg.com/474x/90/66/95/906695edc6ede25b088344706f3a554e.jpg ;pink;normal;almond;short;yes;simple;full covered, glitters, reversed tip;matte;summer, winter, spring
208;https://i.pinimg.com/474x/3f/42/ab/3f42ab2021c7e2c4e3017326d4e50970.jpg ;nude, gold;nude;almond;middle long;yes;simple;glitters, reversed tip;shine;autumn
209;https://i.pinimg.com/474x/92/b4/c8/92b4c8e6078d9206be92ed1373ff1981.jpg ;orange;bright;squoval;short;yes;medium;full covered, butterfly, flowers, animal;shine;summer
210;https://i.pinimg.com/474x/78/e6/69/78e6696a71bc6481a167fe9ffaaab352.jpg ;green, black;dark;coffin;middle long;yes;complex;chrome, full covered, stones, paisley;shine, matte;winter
211;https://i.pinimg.com/474x/62/c7/07/62c70794ef5665a63d8b11ffda2a32eb.jpg ;green, gold;dark;round;short;yes;simple;stripes, geometric;matte;autumn, winter
212;https://i.pinimg.com/474x/c2/19/fa/c219fac4f305007f91ba2aebc64b93a4.jpg ;pink;bright;squoval;middle long;yes;simple;ombre;matte;summer
213;https://i.pinimg.com/474x/01/c8/10/01c8105003936a9108d85fa3ad1098a6.jpg ;pink;light;squoval;short;yes;simple;hearts, full covered;shine;summer, spring, winter, autumn
214;https://i.pinimg.com/474x/2d/b6/35/2db63509b1ac62320c14be20e9b9581e.jpg ;pink, nude;light, nude;round;short;yes;medium;flowers, french tips, reversed tip;matte;spring, summer
215;https://i.pinimg.com/474x/d8/e5/66/d8e566ffa50a6792ef353cf44f87e0de.jpg ;white, rainbow;bright;squoval;short;yes;simple;dots;shine;summer
216;https://i.pinimg.com/474x/b7/1a/01/b71a01070f68e22a2070df766025049d.jpg ;green;light;squoval;short;yes;simple;full covered, dots;shine;autumn, summer, spring
217;https://i.pinimg.com/474x/2e/5b/8b/2e5b8b25b16ba718bca1564cc9d7934c.jpg ;green;light;almond;short;yes;simple;french tips, dots;shine;autumn, summer
218;https://i.pinimg.com/474x/d5/75/6e/d5756ef3a2ac054af2ae33d92ec6f099.jpg ;nude, white;light, nude;squoval;short;yes;medium;geometric, mandela;shine;winter, spring, summer, autumn
219;https://i.pinimg.com/474x/f8/f3/94/f8f394792d0c6de238a3c96ab2e5dcd3.jpg ;blue;pastel;square;short;yes;simple;french tips;shine;winter, summer
220;https://i.pinimg.com/474x/02/2c/ec/022cec21ad3ec46813671abd18b9bda0.jpg ;pink, green;bright;square;short;yes;medium;full covered, watermelon, fruit;matte;summer
221;https://i.pinimg.com/474x/74/df/a9/74dfa9ad4999d752a6152228fa832267.jpg ;pink, yellow;bright;squoval;short;yes;medium;full covered, flowers, sunflower;shine;summer
222;https://i.pinimg.com/474x/ef/0a/ce/ef0acefdce1ef8be7b568067432a9296.jpg ;pink;bright;square;middle long;yes;simple;hearts, full covered, stripes, chrome;shine;summer
223;https://i.pinimg.com/474x/79/c9/fa/79c9fa019988a5ee8d385b5abcff6b35.jpg ;nude, yellow;light, nude;round;short;yes;simple;flowers, full covered, glitters;shine, glitters;spring, summer
224;https://i.pinimg.com/474x/16/fe/36/16fe36018b019de77756e107fc7c4957.jpg ;green, brown, nude, gold;dark, nude;stiletto;long;yes;complex;glitters, stones, geometric, marble;shine, glitters;winter, autumn
225;https://i.pinimg.com/474x/b6/a7/60/b6a760748f4aa6a6757d9041c12358aa.jpg ;purple;normal;square;middle long;yes;simple;full covered, marble;shine;winter, summer
226;https://i.pinimg.com/474x/e9/7c/33/e97c33f91592fc32eedaff633d2a577e.jpg ;yellow;bright;round;short;yes;medium;animal print, leopard, full covered;matte;summer, spring
227;https://i.pinimg.com/474x/13/f1/5f/13f15fcb73db34671227623cb742dbab.jpg ;pink;bright;squoval;short;yes;simple;hearts, full covered, text, love ;matte;summer
228;https://i.pinimg.com/564x/75/a0/63/75a063b232c237ddc8b0fa6209d6a4d1.jpg ;pink, white, black;light;square;short;yes;medium;hearts, stripes, geometric, french tips;shine, matte;summer, spring, winter
229;https://i.pinimg.com/474x/d4/d1/2d/d4d12dbbad4d71f5d92114e0932f263c.jpg ;white, red;normal;round;short;yes;simple;french tips, rose, flowers;shine;winter, spring, summer, autumn
230;https://i.pinimg.com/474x/fa/02/fe/fa02fe65667784935f0ffe4cf181a4fa.jpg ;yellow;light;almond;short;yes;medium;french tips, lemon, fruit;shine;winter, summer
231;https://i.pinimg.com/474x/b8/24/13/b82413a78bd5801750195d9824e5c4af.jpg ;pink;neon;coffin;middle long;yes;medium;ombre, palm tree, full covered;shine;summer
232;https://i.pinimg.com/474x/57/d2/7e/57d27e2bfbb3f72bab44b40c5e05a212.jpg ;rainbow;normal;coffin;middle long;yes;complex;ombre, multicolor, clouds;shine;summer
233;https://i.pinimg.com/474x/d9/9e/62/d99e629c579d40a3a004e4de5632fc13.jpg ;green;normal;almond;short;yes;simple;french tips, frog, flowers, animal;shine;spring, summer
234;https://i.pinimg.com/474x/f7/91/c7/f791c778ef0354353e828d1fef94b842.jpg ;gray, pink, white;light;squoval;short;yes;simple;stripes, stones, geometric, glitters;shine;winter
235;https://i.pinimg.com/474x/8d/30/91/8d309186b9685580d49d225db95fe55e.jpg ;pink, green;bright;stiletto;middle long;yes;simple;full covered, tip, swirl;shine;summer
236;https://i.pinimg.com/474x/00/d1/3f/00d13f3818be0a54a74e5d141ba677dc.jpg ;nude, gold, brown;light, nude;squoval;middle long;yes;medium;french tips, glitters, palm tree, beach, sun;shine, matte;autumn, summer
237;https://i.pinimg.com/474x/3b/6d/0d/3b6d0d4490887545590eece6f307d884.jpg ;nude, blue, gold;light, dark, mix, nude;almond;short;yes;medium;full covered, marble, gold flakes;shine;winter, autumn
238;https://i.pinimg.com/474x/1f/5f/fa/1f5ffa4ca32f14c721cf8a99833775dc.jpg ;white, orange, gold;light;squoval;short;yes;simple;full covered, geometric, glitters;shine, matte;summer, autumn
239;https://i.pinimg.com/474x/32/12/10/3212104609d48a8fb83feab1ba9f7d14.jpg ;pink, purple;dark;coffin;middle long;yes;medium;full covered, animal print, leopard, glitters;shine, glitters;winter
240;https://i.pinimg.com/474x/cf/dd/04/cfdd04de832b1ea11922776042bc08b6.jpg ;pink, purple;dark;almond;short;yes;simple;ombre;shine;winter, summer
241;https://i.pinimg.com/474x/bd/69/3c/bd693c53177c6f7150f4fdc8b8442b68.jpg ;yellow;neon;coffin;long;yes;simple;ombre;matte;winter, summer
242;https://i.pinimg.com/474x/f9/2f/3f/f92f3f7173d9df27705b754a4cee2286.jpg ;pink;light;square;short;yes;simple;stripes, full covered, glitters;shine, glitters;winter, summer, spring
243;https://i.pinimg.com/474x/fc/ee/33/fcee3335ab10c37e6c59dc76e501c23f.jpg ;red;normal;coffin;long;yes;simple;french tips, chevron;shine;winter, summer, autumn
244;https://i.pinimg.com/474x/84/20/c6/8420c69939f256a5f9d05e893e094b17.jpg ;gold;normal;almond;middle long;yes;medium;chrome, stones;shine;autumn
245;https://i.pinimg.com/474x/ad/61/a8/ad61a877febedb6f528637e383d014ba.jpg ;nude, pink;light, nude;coffin;long;yes;simple;stones, full covered;shine;autumn, winter, spring, summer
246;https://i.pinimg.com/474x/c7/b7/9b/c7b79b5cf743b350c7594410eb6ced5b.jpg ;purple;normal;round;short;yes;simple;full covered, stripes, geometric;shine;winter, summer
247;https://i.pinimg.com/474x/2a/d2/7c/2ad27cac8fc799f47dce438e1e2dcd43.jpg ;blue;dark;almond;middle long;yes;simple;chrome;shine;winter
248;https://i.pinimg.com/474x/06/08/0d/06080d7f3d39c491e7f0ad91f724a57d.jpg ;pink;light;almond;short;yes;simple;french tips;shine;winter, spring, summer
249;https://i.pinimg.com/474x/76/b2/0c/76b20c05aaba989fc955815a0f8e3077.jpg ;red, gold;dark;squoval;short;yes;simple;chrome, full covered;matte;autumn, winter
250;https://i.pinimg.com/474x/19/d5/51/19d5512d5514875a519d2e8f85b29c00.jpg ;black;normal;square;middle long;yes;simple;french tips;shine;winter
251;https://i.pinimg.com/474x/44/13/03/441303e16c0196b7bf7d0c02161f2615.jpg ;red;dark;round;short;yes;complex;ladybird, dots, stripes, geometric, animal;shine;winter, summer
252;https://i.pinimg.com/474x/ca/c1/de/cac1de573e2c643c7ebba939d6544dd2.jpg ;brown, white, gold;dark;coffin;long;yes;medium;full covered, glitters, marble;shine, glitters;autumn
253;https://i.pinimg.com/474x/4e/21/f1/4e21f1069267ee9c9601f1927d1b16ad.jpg ;white, nude;light, nude;square;middle long;yes;simple;french tips;shine;winter, summer, spring, autumn
254;https://i.pinimg.com/474x/cc/a3/1e/cca31e1ad8a4432b2edc209c6487a5e1.jpg ;blue;bright;almond;middle long;yes;medium;full covered, stripes, glitters, swirl, french tips;shine;summer
255;https://i.pinimg.com/736x/10/04/84/100484004904832e715013c09169979c.jpg ;yellow, purple, pink, rainbow;normal;stiletto;middle long;yes;medium;flowers, multicolor, stones;shine;winter, summer
256;https://i.pinimg.com/474x/9e/c1/8d/9ec18d793c06a4d2ef8c1d001d33dd06.jpg ;white, rainbow;normal;square;short;yes;medium;dots, french tips;shine;winter, summer, spring, autumn
257;https://i.pinimg.com/474x/bf/dc/5a/bfdc5a45c907677829ec06ecc3cee42f.jpg ;gold;light;coffin;middle long;yes;simple;chrome;shine;autumn
258;https://i.pinimg.com/474x/38/c6/6b/38c66b1eaf2c67b38066c6bced531941.jpg ;green;neon;stiletto;long;yes;simple;swirl, full covered, splatter;matte;summer
259;https://i.pinimg.com/474x/73/79/56/737956c32f547f5261f2778d2d0399ce.jpg ;purple;normal;square;middle long;yes;medium;animal print, leopard, stones, french tips;shine;winter
260;https://i.pinimg.com/474x/e4/25/59/e42559fd9268f5165bda63caf20d7f12.jpg ;purple, green;dark;stiletto;middle long;yes;medium;ombre, french tips, flames;shine;winter, summer
261;https://i.pinimg.com/474x/cf/92/d5/cf92d524fe6538a7d42d249f94f9ef31.jpg ;purple;dark;squoval;short;yes;simple;full covered, glitters, dots, french tips;shine;winter
262;https://i.pinimg.com/474x/ea/14/9c/ea149cd2691550f6620c967a2dbe70e2.jpg ;white, pink, orange;light;square;middle long;yes;medium;french tips, stripes, geometric;shine;spring, summer
263;https://i.pinimg.com/474x/af/d9/8b/afd98bf08a34b7269caa67054c0e5324.jpg ;blue;normal;almond;middle long;yes;simple;full covered, glitters, flowers, swirl;shine, glitters;spring, summer
264;https://i.pinimg.com/474x/59/8a/83/598a830c0f944f54050aa6278d791587.jpg ;blue, pink, white;light;square;short;yes;medium;full covered, flowers, geometric, stripes, stars, dots;shine, matte;spring, summer, winter
265;https://i.pinimg.com/474x/b4/4f/e4/b44fe4368083984c3b2ba2f02b76feee.jpg ;green;normal;almond;middle long;yes;medium;french tips, flowers, stones;shine;autumn, summer, spring
266;https://i.pinimg.com/474x/6e/9c/37/6e9c37708add53693285d84e5a964f78.jpg ;blue;light;almond;middle long;yes;simple;full covered, hearts;matte;winter, summer
267;https://i.pinimg.com/474x/9b/83/b2/9b83b2642a4e0c3681cc71dfba54bc85.jpg ;nude, rainbow, pink, orange, yellow;bright, nude;square;short;yes;medium;stripes, animal print, leopard, ;matte;summer
268;https://i.pinimg.com/474x/ac/41/f6/ac41f6d101387bd8ae01e1cfca1ede96.jpg ;blue;dark, light, mix;round;short;yes;medium;full covered, flowers;shine, matte;spring, summer, winter
269;https://i.pinimg.com/474x/1e/a7/a6/1ea7a61c3f18f7e1a74046aedcf30f5d.jpg ;rainbow, pink, yellow, blue;normal;squoval;long;yes;medium;stars, stripes, eyes, cartoon;shine;spring, summer, winter
270;https://i.pinimg.com/474x/9e/aa/96/9eaa9692bec872c4c3d27015efcbbba0.jpg ;pink;light;square;long;yes;simple;stones, glitters;shine, glitters;summer, winter, spring
271;https://i.pinimg.com/474x/78/7d/7e/787d7ebcaea355656701ff2c57c395ce.jpg ;pink, orange;normal;stiletto;short;yes;simple;swirl;shine;spring, summer
272;https://i.pinimg.com/474x/a4/83/88/a48388c95201d863391f952ef95a9e4f.jpg ;nude, purple;light, nude;stiletto;middle long;yes ;medium;stars, dots, moon, eyes, flames, spiritual;matte;summer, winter
273;https://i.pinimg.com/474x/22/fa/10/22fa101efaf98f3788037005d09950d1.jpg ;blue, pink;bright;square;middle long;yes ;simple;full covered, multicolor, swirl, glitters;shine;summer
274;https://i.pinimg.com/474x/8d/fa/d6/8dfad6939c8732bb6c7de8ac06a6de26.jpg ;blue, nude;bright, nude;almond;long;yes ;simple;hearts;shine;winter, autumn, spring, summer
275;https://i.pinimg.com/474x/1e/e6/7a/1ee67a9ac2eaac0eabb6b5ca30896cc3.jpg ;rainbow, purple, pink, blue, green;pastel;square;long;yes ;simple;half, french tips, geometric;shine;spring, summer
276;https://i.pinimg.com/474x/98/4c/99/984c992ed932f480c202d46a80839c81.jpg ;blue, orange, red, pink, green, rainbow;normal;almond;middle long;yes;medium;flowers, multicolor;matte;summer
277;https://i.pinimg.com/474x/19/3d/f0/193df0ac0a103fd2059e1d4d6d0858fa.jpg ;green;light;almond;short;yes ;simple;full covered, frog, animal;shine;summer, spring
278;https://i.pinimg.com/474x/f3/f9/bb/f3f9bb8353f7ae6a73ef6fb80a8a5671.jpg ;pink, white;light;round;short;yes ;medium;full covered, cat, ears, paws, animal;shine;spring, summer, winter
279;https://i.pinimg.com/474x/6e/31/65/6e316591826632fd5e2cb357f36f7071.jpg ;rainbow, nude;light, nude;almond;middle long;yes ;medium;flowers, stones, ombre;shine;winter, summer,spring
280;https://i.pinimg.com/474x/84/69/9e/84699e10d3fba14a8ab5d3c588c46f9b.jpg ;black, nude;dark;almond;middle long;yes ;medium;stars, stones;shine;winter
281;https://i.pinimg.com/474x/22/a4/d2/22a4d24f005595745d58504a58dd81db.jpg ;brown, nude;dark, nude;coffin;middle long;yes ;simple;multicolor, swirl;shine;autumn
282;https://i.pinimg.com/474x/ed/f7/a4/edf7a4d726e34040f1c24c0d091d8edb.jpg ;blue, white;light;square;short;yes ;simple;full covered, bunny, stones, animal;shine;spring, winter
283;https://i.pinimg.com/474x/8e/d5/d2/8ed5d23e5777c0aa7b7702b77b077f41.jpg ;red, white;normal;square;long;yes ;medium;french tips, cherries, fruit;shine;winter, spring, summer, autumn
284;https://i.pinimg.com/474x/47/fd/ef/47fdefaecfd236e87fc51595916f7970.jpg ;rainbow, blue, purple, pink, orange, green, yellow;normal;almond;middle long;yes ;simple;french tips, multicolor;shine;spring, summer
285;https://i.pinimg.com/474x/43/f5/af/43f5af9302b4cc04644e506c7d269ff1.jpg ;pink, rose gold;normal;almond;middle long;yes ;simple;glitters, swirl;shine, glitters;spring, summer, winter
286;https://i.pinimg.com/474x/4c/b0/54/4cb054ff321ba51bd445becafb0d549e.jpg ;pink, white;normal;squoval;short;yes ;simple;full covered, hearts, ballons;shine, matte;winter, spring, summer, autumn
287;https://i.pinimg.com/474x/47/d3/39/47d3391ca5226bf0ebf566db690a19c4.jpg ;blue, gray;light;coffin;long;yes ;simple;full covered, french tips, stripes, geometric;shine;winter
288;https://i.pinimg.com/474x/15/5b/0d/155b0dc3d78d200bbd0ff756bd361fbc.jpg ;nude, black;dark, nude;stiletto;middle long;yes ;complex;eyes, swirl, mushroom, mystery;shine;winter
289;https://i.pinimg.com/474x/a2/25/54/a22554dde55c07bfb9b865c1e3d14887.jpg ;silver;normal;almond;middle long;yes ;simple;chrome, french tips;shine;summer, winter
290;https://i.pinimg.com/736x/c0/cb/87/c0cb8758ee6ff3e3ee520b66f1ec6cb4.jpg ;purple, yellow;normal;squoval;short;yes ;medium;flowers, full covered, swirl, detailled;matte;winter, summer
291;https://i.pinimg.com/474x/be/6d/53/be6d53d88c6cff10fa8f7d52c133e9bb.jpg ;nude, yellow;nude, bright, mix;stiletto;long;yes ;simple;geometric, stripes;matte;winter, summer
292;https://i.pinimg.com/474x/7f/e3/7b/7fe37ba311c48839ea6cc87e1e79002c.jpg ;blue, orange;normal;square;short;yes ;medium;swirl;shine;spring
293;https://i.pinimg.com/474x/69/17/17/69171704a507be576624546c3d6b5160.jpg ;black, white;dark;round;middle long;yes ;complex;clouds, stars, moon, figures, french tips, swirl, fantasy;shine;winter
294;https://i.pinimg.com/474x/54/df/20/54df205492ca5ae2a357d57ddea745ee.jpg ;red, white;normal;square;long;yes ;medium;flames, french tips, glitters;shine, glitters;winter, summer
295;https://i.pinimg.com/474x/03/67/0a/03670a1f1c63b596176bff00e0c04cc8.jpg ;pink;light;almond;middle long;yes ;complex;stones, stars, glitters, 3D;shine;spring, summer, winter
296;https://i.pinimg.com/474x/20/fe/1f/20fe1f6b63c6977f89adf6b545491232.jpg ;pink;neon, light, mix;almond;long;yes ;medium;french tips, smileys, animal print, leopard, chevron;shine;summer
297;https://i.pinimg.com/474x/db/46/88/db46880b912e596a0c927b7aaa58ecdb.jpg ;purple;light;round;short;yes ;simple;full covered, flowers;shine;spring, summer
298;https://i.pinimg.com/474x/2d/67/c5/2d67c54261c370bb6987f3d25ce90531.jpg ;green, gold;normal;squoval;short;yes ;medium;french tips, flowers, gold flakes, glitters;shine;autumn
299;https://i.pinimg.com/474x/98/9f/b6/989fb6f8cfc3859dafdc47e6344deb9b.jpg ;white, blue;light;almond;short;yes ;medium;flowers;shine;winter, summer
300;https://i.pinimg.com/474x/1e/dd/b6/1eddb601019b9080adf4ee0efb885dcc.jpg ;pink;light;square;long;yes ;complex;french tips, flowers, 3D, stones;shine;summer, spring
301;https://i.pinimg.com/474x/2f/1d/b6/2f1db65c343cefdd2063fa62c78fc94c.jpg ;nude, black;dark, nude;almond;middle long;yes ;simple;french tips, swirl, flowers;shine;winter
302;https://i.pinimg.com/474x/4f/ea/35/4fea35a35cff161ff9ca27e757475312.jpg ;pink, rose gold;light, normal, mix;coffin;long;yes ;medium;swirl, chrome;matte;summer, spring, winter
303;https://i.pinimg.com/474x/ec/69/13/ec6913fabd7ac82286ced3463f45ac59.jpg ;green;light;almond;short;yes ;medium;checkerboard, ying yang, smileys, flowers, ;shine;autumn, spring
304;https://i.pinimg.com/474x/ee/7f/70/ee7f70b80c41789791721e7df01f6bd3.jpg;pink;light;almond;long;yes ;simple;ombre, hearts;shine;spring, summer, winter
305;https://i.pinimg.com/474x/25/7d/40/257d40cb7c27ebee56ab981a1507fcb1.jpg ;black, nude;dark, nude;coffin;middle long;yes ;simple;full covered, flowers, swirl;shine, matte;winter
306;https://i.pinimg.com/474x/78/88/40/788840bb776b9a520607a18298db9f30.jpg ;green;light;coffin;long;yes ;medium;ombre, stones;shine;spring, summer
307;https://i.pinimg.com/474x/a2/29/46/a229468fa027cd71e4a34f53514f65a9.jpg ;pink, yellow;bright;squoval;short;yes ;simple;ombre;matte;summer
308;https://i.pinimg.com/474x/a0/c4/13/a0c4135b1278fb055ccef98394ad4697.jpg ;blue, purple;light;almond;middle long;yes ;simple;chrome;shine;summer, winter
309;https://i.pinimg.com/474x/be/03/6b/be036b75a890f0f1a4b7ea7dd73178be.jpg ;rainbow, orange, yellow, blue, purple, red, pink;normal;stiletto;middle long;yes ;medium;hearts;matte;summer
310;https://i.pinimg.com/474x/ce/ad/da/ceadda19d13a125c768c35bf6e4434aa.jpg ;red, white;normal;squoval;short;yes ;simple;hearts, reindeer, full covered, animal;shine;winter
311;https://i.pinimg.com/474x/cd/11/ae/cd11ae4cc8a7eaf158767d0bdded6e61.jpg ;pink, blue;light, dark, mix;coffin;middle long;yes ;medium;glitters, full covered;shine;winter
312;https://i.pinimg.com/474x/d7/28/11/d72811a39fc3000f8e66882eb895b44e.jpg ;pink;bright;square;short;yes ;medium;full covered, glitters, chevron;shine, glitters;summer, spring
313;https://i.pinimg.com/474x/4d/9a/24/4d9a24c5ba21ad961541b5f5b7f7cad1.jpg ;nude, blue;dark, light, nude;almond;short;yes ;simple;flowers;shine;winter, spring, summer, autumn
314;https://i.pinimg.com/474x/87/0d/9a/870d9afa3f6f587fdab66e4b761a7da1.jpg ;pink, blue, yellow;normal, light, mix;coffin;long;yes ;complex;palm tree, stones, stripes, chevron, drinks, vacation, ombre;matte;summer 
315;https://i.pinimg.com/474x/4f/ab/e7/4fabe71643c2f4f1b7372526ed040c11.jpg ;white, pink;light;round;short;yes ;medium;ghost, glitters, halloween;shine, glitters;winter, spring, summer
316;https://i.pinimg.com/474x/21/1f/f6/211ff6bc4f8aeeb121f20a66188db5ff.jpg ;purple, white, gold;dark, light, mix;squoval;short;yes ;simple;multicolor, marble, glitters, full covered;shine, glitters;winter, autumn
317;https://i.pinimg.com/474x/d1/52/5e/d1525ef801fc3f61d4a635b45efc9604.jpg ;nude, orange, brown;light, nude;almond;middle long;yes ;medium;french tips, flowers, detailled;shine;autumn
318;https://i.pinimg.com/474x/32/21/38/32213873d9874fa3b4810546ffc25672.jpg ;white, nude, green;light, nude;square;middle long;yes ;simple;french tips, smileys;shine;spring, summer
319;https://i.pinimg.com/474x/92/f7/cd/92f7cd31da756ffad1cf226d94d5bedb.jpg ;pink;light;round;short;yes ;simple;full covered, swirl, dots;shine;spring, summer, winter
320;https://i.pinimg.com/474x/6e/e6/5f/6ee65f271c890b79753d41a23e8a70b1.jpg ;green, white;dark;almond;long;yes ;simple;full covered, hearts;matte;autumn
